[[{"x": 0, "y": 0, "isWall": false, "isExit": false, "isRandomizer": false, "isExtraTurn": false}, {"x": 1, "y": 0, "isWall": false, "isExit": false, "isRandomizer": false, "isExtraTurn": false}, {"x": 2, "y": 0, "isWall": false, "isExit": false, "isRandomizer": false, "isExtraTurn": false}, {"x": 3, "y": 0, "isWall": true, "isExit": false, "isRandomizer": false, "isExtraTurn": false}, {"x": 4, "y": 0, "isWall": false, "isExit": false, "isRandomizer": false, "isExtraTurn": false}, {"x": 5, "y": 0, "isWall": false, "isExit": false, "isRandomizer": false, "isExtraTurn": false}, {"x": 6, "y": 0, "isWall": false, "isExit": false, "isRandomizer": false, "isExtraTurn": false}, {"x": 7, "y": 0, "isWall": false, "isExit": false, "isRandomizer": false, "isExtraTurn": false}, {"x": 8, "y": 0, "isWall": false, "isExit": false, "isRandomizer": false, "isExtraTurn": false}, {"x": 9, "y": 0, "isWall": true, "isExit": false, "isRandomizer": false, "isExtraTurn": false}, {"x": 10, "y": 0, "isWall": false, "isExit": false, "isRandomizer": false, "isExtraTurn": false}, {"x": 11, "y": 0, "isWall": false, "isExit": false, "isRandomizer": false, "isExtraTurn": false}], [{"x": 0, "y": 1, "isWall": true, "isExit": false, "isRandomizer": false, "isExtraTurn": false}, {"x": 1, "y": 1, "isWall": false, "isExit": false, "isRandomizer": false, "isExtraTurn": false}, {"x": 2, "y": 1, "isWall": false, "isExit": false, "isRandomizer": false, "isExtraTurn": false}, {"x": 3, "y": 1, "isWall": false, "isExit": false, "isRandomizer": false, "isExtraTurn": false}, {"x": 4, "y": 1, "isWall": false, "isExit": false, "isRandomizer": false, "isExtraTurn": false}, {"x": 5, "y": 1, "isWall": false, "isExit": false, "isRandomizer": false, "isExtraTurn": false}, {"x": 6, "y": 1, "isWall": true, "isExit": false, "isRandomizer": false, "isExtraTurn": false}, {"x": 7, "y": 1, "isWall": false, "isExit": false, "isRandomizer": false, "isExtraTurn": false}, {"x": 8, "y": 1, "isWall": true, "isExit": false, "isRandomizer": false, "isExtraTurn": false}, {"x": 9, "y": 1, "isWall": false, "isExit": false, "isRandomizer": false, "isExtraTurn": false}, {"x": 10, "y": 1, "isWall": false, "isExit": false, "isRandomizer": false, "isExtraTurn": false}, {"x": 11, "y": 1, "isWall": false, "isExit": false, "isRandomizer": false, "isExtraTurn": false}], [{"x": 0, "y": 2, "isWall": false, "isExit": false, "isRandomizer": false, "isExtraTurn": false}, {"x": 1, "y": 2, "isWall": false, "isExit": false, "isRandomizer": false, "isExtraTurn": false}, {"x": 2, "y": 2, "isWall": true, "isExit": false, "isRandomizer": false, "isExtraTurn": false}, {"x": 3, "y": 2, "isWall": true, "isExit": false, "isRandomizer": false, "isExtraTurn": false}, {"x": 4, "y": 2, "isWall": false, "isExit": false, "isRandomizer": false, "isExtraTurn": false}, {"x": 5, "y": 2, "isWall": true, "isExit": false, "isRandomizer": false, "isExtraTurn": false}, {"x": 6, "y": 2, "isWall": false, "isExit": false, "isRandomizer": false, "isExtraTurn": false}, {"x": 7, "y": 2, "isWall": false, "isExit": false, "isRandomizer": false, "isExtraTurn": false}, {"x": 8, "y": 2, "isWall": false, "isExit": false, "isRandomizer": false, "isExtraTurn": false}, {"x": 9, "y": 2, "isWall": false, "isExit": false, "isRandomizer": false, "isExtraTurn": false}, {"x": 10, "y": 2, "isWall": false, "isExit": false, "isRandomizer": false, "isExtraTurn": false}, {"x": 11, "y": 2, "isWall": false, "isExit": false, "isRandomizer": false, "isExtraTurn": false}], [{"x": 0, "y": 3, "isWall": true, "isExit": false, "isRandomizer": false, "isExtraTurn": false}, {"x": 1, "y": 3, "isWall": false, "isExit": false, "isRandomizer": false, "isExtraTurn": false}, {"x": 2, "y": 3, "isWall": false, "isExit": false, "isRandomizer": false, "isExtraTurn": false}, {"x": 3, "y": 3, "isWall": false, "isExit": false, "isRandomizer": false, "isExtraTurn": false}, {"x": 4, "y": 3, "isWall": false, "isExit": false, "isRandomizer": false, "isExtraTurn": false}, {"x": 5, "y": 3, "isWall": false, "isExit": false, "isRandomizer": false, "isExtraTurn": false}, {"x": 6, "y": 3, "isWall": false, "isExit": false, "isRandomizer": false, "isExtraTurn": false}, {"x": 7, "y": 3, "isWall": false, "isExit": false, "isRandomizer": false, "isExtraTurn": false}, {"x": 8, "y": 3, "isWall": false, "isExit": false, "isRandomizer": false, "isExtraTurn": false}, {"x": 9, "y": 3, "isWall": true, "isExit": false, "isRandomizer": false, "isExtraTurn": false}, {"x": 10, "y": 3, "isWall": false, "isExit": false, "isRandomizer": false, "isExtraTurn": false}, {"x": 11, "y": 3, "isWall": false, "isExit": false, "isRandomizer": false, "isExtraTurn": false}], [{"x": 0, "y": 4, "isWall": false, "isExit": false, "isRandomizer": false, "isExtraTurn": false}, {"x": 1, "y": 4, "isWall": true, "isExit": false, "isRandomizer": false, "isExtraTurn": false}, {"x": 2, "y": 4, "isWall": true, "isExit": false, "isRandomizer": false, "isExtraTurn": false}, {"x": 3, "y": 4, "isWall": false, "isExit": false, "isRandomizer": false, "isExtraTurn": false}, {"x": 4, "y": 4, "isWall": false, "isExit": false, "isRandomizer": false, "isExtraTurn": false}, {"x": 5, "y": 4, "isWall": false, "isExit": false, "isRandomizer": false, "isExtraTurn": false}, {"x": 6, "y": 4, "isWall": true, "isExit": false, "isRandomizer": false, "isExtraTurn": false}, {"x": 7, "y": 4, "isWall": false, "isExit": false, "isRandomizer": false, "isExtraTurn": false}, {"x": 8, "y": 4, "isWall": false, "isExit": false, "isRandomizer": false, "isExtraTurn": false}, {"x": 9, "y": 4, "isWall": false, "isExit": false, "isRandomizer": false, "isExtraTurn": false}, {"x": 10, "y": 4, "isWall": false, "isExit": false, "isRandomizer": false, "isExtraTurn": false}, {"x": 11, "y": 4, "isWall": false, "isExit": false, "isRandomizer": true, "isExtraTurn": false}], [{"x": 0, "y": 5, "isWall": false, "isExit": false, "isRandomizer": false, "isExtraTurn": false}, {"x": 1, "y": 5, "isWall": false, "isExit": false, "isRandomizer": false, "isExtraTurn": false}, {"x": 2, "y": 5, "isWall": true, "isExit": false, "isRandomizer": false, "isExtraTurn": false}, {"x": 3, "y": 5, "isWall": false, "isExit": false, "isRandomizer": false, "isExtraTurn": false}, {"x": 4, "y": 5, "isWall": false, "isExit": false, "isRandomizer": false, "isExtraTurn": false}, {"x": 5, "y": 5, "isWall": false, "isExit": false, "isRandomizer": false, "isExtraTurn": false}, {"x": 6, "y": 5, "isWall": false, "isExit": false, "isRandomizer": false, "isExtraTurn": true}, {"x": 7, "y": 5, "isWall": false, "isExit": false, "isRandomizer": false, "isExtraTurn": false}, {"x": 8, "y": 5, "isWall": false, "isExit": false, "isRandomizer": false, "isExtraTurn": false}, {"x": 9, "y": 5, "isWall": false, "isExit": false, "isRandomizer": false, "isExtraTurn": false}, {"x": 10, "y": 5, "isWall": true, "isExit": false, "isRandomizer": false, "isExtraTurn": false}, {"x": 11, "y": 5, "isWall": false, "isExit": false, "isRandomizer": false, "isExtraTurn": false}], [{"x": 0, "y": 6, "isWall": false, "isExit": false, "isRandomizer": false, "isExtraTurn": false}, {"x": 1, "y": 6, "isWall": false, "isExit": false, "isRandomizer": false, "isExtraTurn": false}, {"x": 2, "y": 6, "isWall": true, "isExit": false, "isRandomizer": false, "isExtraTurn": false}, {"x": 3, "y": 6, "isWall": false, "isExit": false, "isRandomizer": false, "isExtraTurn": false}, {"x": 4, "y": 6, "isWall": false, "isExit": false, "isRandomizer": true, "isExtraTurn": false}, {"x": 5, "y": 6, "isWall": false, "isExit": false, "isRandomizer": false, "isExtraTurn": false}, {"x": 6, "y": 6, "isWall": true, "isExit": false, "isRandomizer": false, "isExtraTurn": false}, {"x": 7, "y": 6, "isWall": false, "isExit": false, "isRandomizer": false, "isExtraTurn": false}, {"x": 8, "y": 6, "isWall": false, "isExit": false, "isRandomizer": false, "isExtraTurn": false}, {"x": 9, "y": 6, "isWall": false, "isExit": false, "isRandomizer": false, "isExtraTurn": false}, {"x": 10, "y": 6, "isWall": true, "isExit": false, "isRandomizer": false, "isExtraTurn": false}, {"x": 11, "y": 6, "isWall": false, "isExit": false, "isRandomizer": false, "isExtraTurn": false}], [{"x": 0, "y": 7, "isWall": false, "isExit": false, "isRandomizer": false, "isExtraTurn": false}, {"x": 1, "y": 7, "isWall": false, "isExit": false, "isRandomizer": false, "isExtraTurn": false}, {"x": 2, "y": 7, "isWall": false, "isExit": false, "isRandomizer": false, "isExtraTurn": false}, {"x": 3, "y": 7, "isWall": false, "isExit": false, "isRandomizer": false, "isExtraTurn": false}, {"x": 4, "y": 7, "isWall": false, "isExit": false, "isRandomizer": false, "isExtraTurn": false}, {"x": 5, "y": 7, "isWall": true, "isExit": false, "isRandomizer": false, "isExtraTurn": false}, {"x": 6, "y": 7, "isWall": false, "isExit": false, "isRandomizer": false, "isExtraTurn": false}, {"x": 7, "y": 7, "isWall": false, "isExit": false, "isRandomizer": false, "isExtraTurn": false}, {"x": 8, "y": 7, "isWall": false, "isExit": false, "isRandomizer": false, "isExtraTurn": false}, {"x": 9, "y": 7, "isWall": false, "isExit": false, "isRandomizer": false, "isExtraTurn": false}, {"x": 10, "y": 7, "isWall": false, "isExit": false, "isRandomizer": false, "isExtraTurn": false}, {"x": 11, "y": 7, "isWall": false, "isExit": false, "isRandomizer": false, "isExtraTurn": false}], [{"x": 0, "y": 8, "isWall": false, "isExit": false, "isRandomizer": false, "isExtraTurn": false}, {"x": 1, "y": 8, "isWall": false, "isExit": false, "isRandomizer": false, "isExtraTurn": false}, {"x": 2, "y": 8, "isWall": false, "isExit": false, "isRandomizer": false, "isExtraTurn": false}, {"x": 3, "y": 8, "isWall": false, "isExit": false, "isRandomizer": false, "isExtraTurn": true}, {"x": 4, "y": 8, "isWall": false, "isExit": false, "isRandomizer": false, "isExtraTurn": false}, {"x": 5, "y": 8, "isWall": false, "isExit": false, "isRandomizer": false, "isExtraTurn": false}, {"x": 6, "y": 8, "isWall": true, "isExit": false, "isRandomizer": false, "isExtraTurn": false}, {"x": 7, "y": 8, "isWall": false, "isExit": false, "isRandomizer": false, "isExtraTurn": false}, {"x": 8, "y": 8, "isWall": false, "isExit": false, "isRandomizer": false, "isExtraTurn": false}, {"x": 9, "y": 8, "isWall": false, "isExit": false, "isRandomizer": false, "isExtraTurn": false}, {"x": 10, "y": 8, "isWall": false, "isExit": false, "isRandomizer": false, "isExtraTurn": false}, {"x": 11, "y": 8, "isWall": false, "isExit": false, "isRandomizer": false, "isExtraTurn": false}], [{"x": 0, "y": 9, "isWall": false, "isExit": false, "isRandomizer": false, "isExtraTurn": false}, {"x": 1, "y": 9, "isWall": false, "isExit": false, "isRandomizer": false, "isExtraTurn": false}, {"x": 2, "y": 9, "isWall": false, "isExit": false, "isRandomizer": false, "isExtraTurn": false}, {"x": 3, "y": 9, "isWall": true, "isExit": false, "isRandomizer": false, "isExtraTurn": false}, {"x": 4, "y": 9, "isWall": true, "isExit": false, "isRandomizer": false, "isExtraTurn": false}, {"x": 5, "y": 9, "isWall": false, "isExit": false, "isRandomizer": false, "isExtraTurn": false}, {"x": 6, "y": 9, "isWall": false, "isExit": false, "isRandomizer": false, "isExtraTurn": false}, {"x": 7, "y": 9, "isWall": false, "isExit": false, "isRandomizer": false, "isExtraTurn": false}, {"x": 8, "y": 9, "isWall": false, "isExit": false, "isRandomizer": false, "isExtraTurn": false}, {"x": 9, "y": 9, "isWall": false, "isExit": false, "isRandomizer": false, "isExtraTurn": false}, {"x": 10, "y": 9, "isWall": false, "isExit": false, "isRandomizer": false, "isExtraTurn": false}, {"x": 11, "y": 9, "isWall": false, "isExit": false, "isRandomizer": false, "isExtraTurn": false}], [{"x": 0, "y": 10, "isWall": false, "isExit": false, "isRandomizer": false, "isExtraTurn": false}, {"x": 1, "y": 10, "isWall": false, "isExit": false, "isRandomizer": false, "isExtraTurn": false}, {"x": 2, "y": 10, "isWall": true, "isExit": false, "isRandomizer": false, "isExtraTurn": false}, {"x": 3, "y": 10, "isWall": false, "isExit": false, "isRandomizer": false, "isExtraTurn": false}, {"x": 4, "y": 10, "isWall": true, "isExit": false, "isRandomizer": false, "isExtraTurn": false}, {"x": 5, "y": 10, "isWall": false, "isExit": false, "isRandomizer": false, "isExtraTurn": false}, {"x": 6, "y": 10, "isWall": false, "isExit": false, "isRandomizer": false, "isExtraTurn": false}, {"x": 7, "y": 10, "isWall": false, "isExit": false, "isRandomizer": false, "isExtraTurn": false}, {"x": 8, "y": 10, "isWall": false, "isExit": false, "isRandomizer": false, "isExtraTurn": false}, {"x": 9, "y": 10, "isWall": false, "isExit": false, "isRandomizer": false, "isExtraTurn": false}, {"x": 10, "y": 10, "isWall": false, "isExit": false, "isRandomizer": false, "isExtraTurn": false}, {"x": 11, "y": 10, "isWall": true, "isExit": false, "isRandomizer": false, "isExtraTurn": false}], [{"x": 0, "y": 11, "isWall": false, "isExit": false, "isRandomizer": false, "isExtraTurn": false}, {"x": 1, "y": 11, "isWall": false, "isExit": false, "isRandomizer": false, "isExtraTurn": false}, {"x": 2, "y": 11, "isWall": false, "isExit": false, "isRandomizer": false, "isExtraTurn": false}, {"x": 3, "y": 11, "isWall": false, "isExit": false, "isRandomizer": false, "isExtraTurn": false}, {"x": 4, "y": 11, "isWall": true, "isExit": false, "isRandomizer": false, "isExtraTurn": false}, {"x": 5, "y": 11, "isWall": true, "isExit": false, "isRandomizer": false, "isExtraTurn": false}, {"x": 6, "y": 11, "isWall": false, "isExit": true, "isRandomizer": false, "isExtraTurn": false}, {"x": 7, "y": 11, "isWall": true, "isExit": false, "isRandomizer": false, "isExtraTurn": false}, {"x": 8, "y": 11, "isWall": false, "isExit": false, "isRandomizer": false, "isExtraTurn": false}, {"x": 9, "y": 11, "isWall": false, "isExit": false, "isRandomizer": false, "isExtraTurn": false}, {"x": 10, "y": 11, "isWall": false, "isExit": false, "isRandomizer": false, "isExtraTurn": false}, {"x": 11, "y": 11, "isWall": false, "isExit": false, "isRandomizer": false, "isExtraTurn": false}]]